tcr_id	cdr3_beta	v_beta	j_beta	chain_mode	count	subject_id
tcr_0_0000	CRFDDRMNACFP	TRBV14	TRBJ2-7	beta_only	9	subj_01
tcr_0_0001	CRWDDRMNWCFP	TRBV14	TRBJ2-7	beta_only	5	subj_05
tcr_0_0002	CRCDDRMNACIP	TRBV14	TRBJ2-7	beta_only	11	subj_02
tcr_0_0003	CRQDDRMNACFP	TRBV14	TRBJ2-7	beta_only	5	subj_04
tcr_0_0004	CRFDLRPNACFP	TRBV14	TRBJ2-7	beta_only	12	subj_01
tcr_0_0005	CRFWHRMNQCFP	TRBV14	TRBJ2-7	beta_only	5	subj_05
tcr_0_0006	CRFDDRCNACFP	TRBV14	TRBJ2-7	beta_only	4	subj_01
tcr_0_0007	CRIDDRMKACFP	TRBV14	TRBJ2-7	beta_only	15	subj_05
tcr_0_0008	CRFDDRHNFCFP	TRBV14	TRBJ2-7	beta_only	5	subj_02
tcr_0_0009	CRFDDRMNAWFP	TRBV14	TRBJ2-7	beta_only	5	subj_05
tcr_0_0010	CRFDDRINACQP	TRBV14	TRBJ2-7	beta_only	3	subj_05
tcr_0_0011	CRGDDRMNACFP	TRBV14	TRBJ2-7	beta_only	11	subj_02
tcr_0_0012	CRFDDRMQACSP	TRBV14	TRBJ2-7	beta_only	9	subj_03
tcr_0_0013	CEPMFNTATQHEYHCC	TRBV2	TRBJ1-2	beta_only	18	subj_03
tcr_0_0014	CEPSFREATQHEYHCC	TRBV2	TRBJ1-2	beta_only	1	subj_03
tcr_0_0015	CEPMFNTATEHEYGMC	TRBV2	TRBJ1-2	beta_only	14	subj_05
tcr_0_0016	CEPMGNGATVHEYHCC	TRBV2	TRBJ1-2	beta_only	15	subj_01
tcr_0_0017	CFPMFNLATQHEYHCC	TRBV2	TRBJ1-2	beta_only	4	subj_01
tcr_0_0018	CEPMFNTATQDEYHCC	TRBV2	TRBJ1-2	beta_only	2	subj_04
tcr_0_0019	CEPMFNTATQHEYWCC	TRBV2	TRBJ1-2	beta_only	13	subj_02
tcr_0_0020	CEPMFNTATQHTYHCC	TRBV2	TRBJ1-2	beta_only	9	subj_02
tcr_0_0021	CEPMWNTATRHEYHCC	TRBV2	TRBJ1-2	beta_only	13	subj_02
tcr_0_0022	CEPMFQTAVQHPYHCC	TRBV2	TRBJ1-2	beta_only	8	subj_01
tcr_0_0023	CEPMDNTATQHEYHCC	TRBV2	TRBJ1-2	beta_only	6	subj_01
tcr_1_0024	CFCPFWVCFQFDWNLS	TRBV20-1	TRBJ2-3	beta_only	7	subj_04
tcr_1_0025	CFCQFWVCFQFDWNLS	TRBV20-1	TRBJ2-3	beta_only	1	subj_04
tcr_1_0026	CFCPFQVCFQFDWSLS	TRBV20-1	TRBJ2-3	beta_only	12	subj_05
tcr_1_0027	CFCHFHVCFQFDSNLS	TRBV20-1	TRBJ2-3	beta_only	1	subj_05
tcr_1_0028	CCCPFWVCFCFDMNLS	TRBV20-1	TRBJ2-3	beta_only	10	subj_04
tcr_1_0029	CFCCFWVCFDFDWNVS	TRBV20-1	TRBJ2-3	beta_only	14	subj_02
tcr_1_0030	CFCPFWVCFQDDWNLS	TRBV20-1	TRBJ2-3	beta_only	11	subj_02
tcr_1_0031	CFYPYWVCFQFDWNLS	TRBV20-1	TRBJ2-3	beta_only	10	subj_01
tcr_1_0032	CFRPFWVCFQVYWNLS	TRBV20-1	TRBJ2-3	beta_only	6	subj_03
tcr_1_0033	CFCPFWVCFQFNWNLS	TRBV20-1	TRBJ2-3	beta_only	4	subj_03
tcr_1_0034	CECKKLRQYCKHVFE	TRBV6-1	TRBJ1-5	beta_only	15	subj_03
tcr_1_0035	CSCKKLRQYCKHVFE	TRBV6-1	TRBJ1-5	beta_only	10	subj_05
tcr_1_0036	CEWKKLRQYCKHVFE	TRBV6-1	TRBJ1-5	beta_only	4	subj_05
tcr_1_0037	CEKPKLRQYCKHVFE	TRBV6-1	TRBJ1-5	beta_only	6	subj_03
tcr_1_0038	CECKKLRQVCKHVFE	TRBV6-1	TRBJ1-5	beta_only	12	subj_03
tcr_1_0039	CWCKKERQYCKHVVE	TRBV6-1	TRBJ1-5	beta_only	15	subj_02
tcr_1_0040	CEFKKLRQYCKHWFE	TRBV6-1	TRBJ1-5	beta_only	3	subj_03
tcr_1_0041	CECKKLRQYCHHMFE	TRBV6-1	TRBJ1-5	beta_only	4	subj_03
tcr_1_0042	CDCKKLRQKCKRVFE	TRBV6-1	TRBJ1-5	beta_only	14	subj_03
tcr_1_0043	CNCKKLRQYCKHVFE	TRBV6-1	TRBJ1-5	beta_only	13	subj_02
tcr_1_0044	CDELVCTVCQMACSF	TRBV11-2	TRBJ1-3	beta_only	15	subj_05
tcr_1_0045	CFGLVCTWCQMACSF	TRBV11-2	TRBJ1-3	beta_only	9	subj_01
tcr_1_0046	CDERVCTVCQWACSF	TRBV11-2	TRBJ1-3	beta_only	3	subj_01
tcr_1_0047	CDELVCIVCQMACSF	TRBV11-2	TRBJ1-3	beta_only	11	subj_02
tcr_1_0048	CDPLVCTFCQMACWF	TRBV11-2	TRBJ1-3	beta_only	15	subj_02
tcr_1_0049	CDELVCTVCQMACGF	TRBV11-2	TRBJ1-3	beta_only	15	subj_04
tcr_1_0050	CDENVCTVCQMACSF	TRBV11-2	TRBJ1-3	beta_only	13	subj_04
tcr_1_0051	CDELVHTVCQMAKEF	TRBV11-2	TRBJ1-3	beta_only	7	subj_01
tcr_1_0052	CDELHCTVPQMACSF	TRBV11-2	TRBJ1-3	beta_only	5	subj_02
tcr_1_0053	CIELVCTVCQMACSF	TRBV11-2	TRBJ1-3	beta_only	7	subj_03
tcr_1_0054	CDLLVCVVCQMACSF	TRBV11-2	TRBJ1-3	beta_only	7	subj_05
tcr_1_0055	CFELVHTVCQMACSF	TRBV11-2	TRBJ1-3	beta_only	10	subj_03
tcr_2_0056	CNHSKYDVEAKM	TRBV6-1	TRBJ1-4	beta_only	14	subj_04
tcr_2_0057	CNHYKPDVECKM	TRBV6-1	TRBJ1-4	beta_only	5	subj_03
tcr_2_0058	CNHSKYDYEAKM	TRBV6-1	TRBJ1-4	beta_only	10	subj_03
tcr_2_0059	CNHSVYDVSAKM	TRBV6-1	TRBJ1-4	beta_only	8	subj_02
tcr_2_0060	CNISKYDVENKM	TRBV6-1	TRBJ1-4	beta_only	11	subj_03
tcr_2_0061	CNHSFYDVEAKM	TRBV6-1	TRBJ1-4	beta_only	1	subj_01
tcr_2_0062	CNHSKYDVDAKM	TRBV6-1	TRBJ1-4	beta_only	8	subj_04
tcr_2_0063	CNHSKYDIEAHM	TRBV6-1	TRBJ1-4	beta_only	3	subj_01
tcr_2_0064	CNHSKYDIEAKM	TRBV6-1	TRBJ1-4	beta_only	3	subj_05
tcr_2_0065	CWHSEYDVEAKM	TRBV6-1	TRBJ1-4	beta_only	8	subj_02
tcr_2_0066	CNHSKYDVEWNM	TRBV6-1	TRBJ1-4	beta_only	13	subj_04
tcr_2_0067	CQWREKWWPQDWMQHQ	TRBV24-1	TRBJ2-2	beta_only	18	subj_04
tcr_2_0068	CQWREKWWPQDWTQHQ	TRBV24-1	TRBJ2-2	beta_only	8	subj_03
tcr_2_0069	CQWREKWWPQDWMQLQ	TRBV24-1	TRBJ2-2	beta_only	13	subj_05
tcr_2_0070	CQWRESWWPQDIMQHQ	TRBV24-1	TRBJ2-2	beta_only	2	subj_03
tcr_2_0071	CQWRENWWPQDWMQHQ	TRBV24-1	TRBJ2-2	beta_only	6	subj_05
tcr_2_0072	CQWFEKWWPQDWMQHQ	TRBV24-1	TRBJ2-2	beta_only	4	subj_04
tcr_2_0073	CQQHEKWMPQDWMQHQ	TRBV24-1	TRBJ2-2	beta_only	9	subj_04
tcr_2_0074	CHWREKWWPQDWMQRQ	TRBV24-1	TRBJ2-2	beta_only	7	subj_05
tcr_2_0075	CNWREKWSPQDWMQHQ	TRBV24-1	TRBJ2-2	beta_only	5	subj_04
tcr_2_0076	CQWREKWWPWDWMIHQ	TRBV24-1	TRBJ2-2	beta_only	8	subj_02
tcr_2_0077	CPWREKWSPQDWMQHQ	TRBV24-1	TRBJ2-2	beta_only	6	subj_04
tcr_3_0078	CWYMWNQCKVEGHLH	TRBV7-2	TRBJ1-5	beta_only	4	subj_05
tcr_3_0079	CWYMWYQCKVEGHLH	TRBV7-2	TRBJ1-5	beta_only	11	subj_04
tcr_3_0080	CWWMWNQCKVEGILH	TRBV7-2	TRBJ1-5	beta_only	12	subj_02
tcr_3_0081	CWYMWNQCKVEGMLH	TRBV7-2	TRBJ1-5	beta_only	14	subj_05
tcr_3_0082	CWYMWNQCKVEGHYH	TRBV7-2	TRBJ1-5	beta_only	13	subj_01
tcr_3_0083	CWYMWNQCKQEPHLH	TRBV7-2	TRBJ1-5	beta_only	2	subj_05
tcr_3_0084	CWQMWNATKVEGHLH	TRBV7-2	TRBJ1-5	beta_only	6	subj_04
tcr_3_0085	CWYVWNQCKVELHLH	TRBV7-2	TRBJ1-5	beta_only	10	subj_05
tcr_3_0086	CWYMWNQCRVEGYLH	TRBV7-2	TRBJ1-5	beta_only	5	subj_03
tcr_3_0087	CWKMWNQCKVEGHLH	TRBV7-2	TRBJ1-5	beta_only	15	subj_04
tcr_3_0088	CWYMWNQCKVEGHSH	TRBV7-2	TRBJ1-5	beta_only	10	subj_05
tcr_3_0089	CSYMWNGNKVEGHLH	TRBV7-2	TRBJ1-5	beta_only	8	subj_02
tcr_3_0090	CWYMWNKCKVEGHKH	TRBV7-2	TRBJ1-5	beta_only	15	subj_05
tcr_3_0091	CGYKTLRCYFCYAAF	TRBV11-2	TRBJ2-5	beta_only	1	subj_05
tcr_3_0092	CGIKTLRCYFCYAAF	TRBV11-2	TRBJ2-5	beta_only	12	subj_04
tcr_3_0093	CGYKTLRCYKCYTAF	TRBV11-2	TRBJ2-5	beta_only	11	subj_04
tcr_3_0094	CGLKTLRCYFCYACF	TRBV11-2	TRBJ2-5	beta_only	4	subj_04
tcr_3_0095	CGYKLLTCYFCWAAF	TRBV11-2	TRBJ2-5	beta_only	9	subj_05
tcr_3_0096	CGYKTLNWYFCYAAF	TRBV11-2	TRBJ2-5	beta_only	12	subj_04
tcr_3_0097	CGYKEKRCYFCYAAF	TRBV11-2	TRBJ2-5	beta_only	12	subj_02
tcr_3_0098	CGVKTLRCYFCYAHF	TRBV11-2	TRBJ2-5	beta_only	4	subj_02
tcr_3_0099	CGYKTLRCKFCYYVF	TRBV11-2	TRBJ2-5	beta_only	10	subj_03
tcr_3_0100	CGYKLLRCYFCYAAF	TRBV11-2	TRBJ2-5	beta_only	4	subj_03
tcr_3_0101	CGYKTARCYFCYAAF	TRBV11-2	TRBJ2-5	beta_only	12	subj_05
tcr_3_0102	CGYKTCRCYFCYAAF	TRBV11-2	TRBJ2-5	beta_only	1	subj_05
tcr_3_0103	CPFLDWLGIPYR	TRBV6-1	TRBJ2-3	beta_only	4	subj_01
tcr_3_0104	CPFLDSGGSPYR	TRBV6-1	TRBJ2-3	beta_only	1	subj_03
tcr_3_0105	CPDLDWLTIPYR	TRBV6-1	TRBJ2-3	beta_only	2	subj_05
tcr_3_0106	CFFYDDLGIPYR	TRBV6-1	TRBJ2-3	beta_only	4	subj_01
tcr_3_0107	CPFLDWLKSQYR	TRBV6-1	TRBJ2-3	beta_only	5	subj_05
tcr_3_0108	CPFLDYLGIPCR	TRBV6-1	TRBJ2-3	beta_only	10	subj_01
tcr_3_0109	CPFLLWLGIPYR	TRBV6-1	TRBJ2-3	beta_only	11	subj_01
tcr_3_0110	CPFLHWLGIPYR	TRBV6-1	TRBJ2-3	beta_only	9	subj_01
tcr_3_0111	CRFLDWLGIPYR	TRBV6-1	TRBJ2-3	beta_only	8	subj_05
tcr_4_0112	CAGGVCFGSNTEDF	TRBV25-1	TRBJ2-3	beta_only	14	subj_01
tcr_4_0113	CAGGVCFGSPTEDF	TRBV25-1	TRBJ2-3	beta_only	10	subj_04
tcr_4_0114	CAGGKCFGCFTEDF	TRBV25-1	TRBJ2-3	beta_only	15	subj_03
tcr_4_0115	CAAGVCFGSNTETF	TRBV25-1	TRBJ2-3	beta_only	11	subj_05
tcr_4_0116	CAGGVCFGSNTEHF	TRBV25-1	TRBJ2-3	beta_only	5	subj_05
tcr_4_0117	CAGGVCFGSRTEDF	TRBV25-1	TRBJ2-3	beta_only	2	subj_02
tcr_4_0118	CAGGVCFGENTEDF	TRBV25-1	TRBJ2-3	beta_only	11	subj_02
tcr_4_0119	CAGGVCFGSKTEMF	TRBV25-1	TRBJ2-3	beta_only	7	subj_04
tcr_4_0120	CAGGRCFGSFTEDF	TRBV25-1	TRBJ2-3	beta_only	7	subj_02
tcr_4_0121	CALGVCFNSFTEDF	TRBV25-1	TRBJ2-3	beta_only	15	subj_05
tcr_4_0122	CMGGVCFGSNTEMF	TRBV25-1	TRBJ2-3	beta_only	14	subj_05
tcr_4_0123	CAGSVCFGSTTTDF	TRBV25-1	TRBJ2-3	beta_only	6	subj_03
tcr_4_0124	CAGGICFGMQTEDF	TRBV25-1	TRBJ2-3	beta_only	10	subj_04
tcr_4_0125	CWTCEHRNGDQQW	TRBV18	TRBJ1-1	beta_only	11	subj_04
tcr_4_0126	CWTCEHRQCDQFW	TRBV18	TRBJ1-1	beta_only	3	subj_05
tcr_4_0127	CWTCEHENESQQW	TRBV18	TRBJ1-1	beta_only	1	subj_02
tcr_4_0128	CWSCEHRNGDQFW	TRBV18	TRBJ1-1	beta_only	13	subj_03
tcr_4_0129	CWTCEHRNGDPDW	TRBV18	TRBJ1-1	beta_only	14	subj_03
tcr_4_0130	CWTCEHTNGCQQW	TRBV18	TRBJ1-1	beta_only	10	subj_01
tcr_4_0131	CWTCEHRNGDQLW	TRBV18	TRBJ1-1	beta_only	4	subj_01
tcr_4_0132	CWECEHRNHDQQW	TRBV18	TRBJ1-1	beta_only	12	subj_03
tcr_4_0133	CMKNVRPAFQVNASTN	TRBV3-1	TRBJ2-1	beta_only	2	subj_03
tcr_4_0134	CMKIVRRAFQVNASTN	TRBV3-1	TRBJ2-1	beta_only	9	subj_04
tcr_4_0135	CMQGVRPAFQVGASTN	TRBV3-1	TRBJ2-1	beta_only	10	subj_02
tcr_4_0136	CMKNRRPAFQFNASTN	TRBV3-1	TRBJ2-1	beta_only	11	subj_03
tcr_4_0137	CMKNVAPAFQVNARTN	TRBV3-1	TRBJ2-1	beta_only	15	subj_03
tcr_4_0138	CMSNVRYAFGVNASTN	TRBV3-1	TRBJ2-1	beta_only	5	subj_04
tcr_4_0139	CMKNPSPAFQVNASLN	TRBV3-1	TRBJ2-1	beta_only	14	subj_04
tcr_4_0140	CLQWENPLCHHQV	TRBV10-1	TRBJ2-2	beta_only	19	subj_03
tcr_4_0141	CQQWEAPLCHHQV	TRBV10-1	TRBJ2-2	beta_only	10	subj_01
tcr_4_0142	CLQWHNPLMHHQV	TRBV10-1	TRBJ2-2	beta_only	10	subj_03
tcr_4_0143	CLQWENPLCHHCV	TRBV10-1	TRBJ2-2	beta_only	5	subj_04
tcr_4_0144	CLQWENPLCHPQV	TRBV10-1	TRBJ2-2	beta_only	12	subj_02
tcr_4_0145	CLQWEMPLCHHQV	TRBV10-1	TRBJ2-2	beta_only	12	subj_04
tcr_4_0146	CLQWGNPLCHHQV	TRBV10-1	TRBJ2-2	beta_only	13	subj_05
tcr_4_0147	CKLQKSACGDSVTA	TRBV24-1	TRBJ2-5	beta_only	9	subj_02
tcr_4_0148	CKLQKSACMDSVMA	TRBV24-1	TRBJ2-5	beta_only	13	subj_01
tcr_4_0149	CKFQQSACGDSVTA	TRBV24-1	TRBJ2-5	beta_only	14	subj_05
tcr_4_0150	CLQQKSACGDSVTA	TRBV24-1	TRBJ2-5	beta_only	9	subj_01
tcr_4_0151	CKLQKSLCGDPVTA	TRBV24-1	TRBJ2-5	beta_only	14	subj_03
tcr_4_0152	CKLQKSACGDSITA	TRBV24-1	TRBJ2-5	beta_only	8	subj_01
tcr_4_0153	CKLQKSACGNIDTA	TRBV24-1	TRBJ2-5	beta_only	11	subj_04
tcr_4_0154	CCFQKQACGDSVTA	TRBV24-1	TRBJ2-5	beta_only	5	subj_04
tcr_4_0155	CKIQKSACGDSVTA	TRBV24-1	TRBJ2-5	beta_only	15	subj_05
noise_0000	CIIWQMNRVQTP	TRBV11-2	TRBJ1-1	beta_only	3	subj_02
noise_0001	CKFIYIWPCGYWTCFPY	TRBV3-1	TRBJ2-1	beta_only	2	subj_02
noise_0002	CCSFFVHDWAVDD	TRBV11-2	TRBJ1-3	beta_only	1	subj_01
noise_0003	CASFHECRMRLS	TRBV24-1	TRBJ2-7	beta_only	1	subj_04
noise_0004	CFPRWQHPAYTKDRKVHD	TRBV6-1	TRBJ1-5	beta_only	5	subj_05
noise_0005	CRINGMKSDQVNVKVKTI	TRBV5-1	TRBJ2-1	beta_only	4	subj_03
noise_0006	CIEWCTCCRTNNNH	TRBV5-1	TRBJ2-2	beta_only	3	subj_04
noise_0007	CYPINFQFDT	TRBV14	TRBJ1-2	beta_only	3	subj_05
noise_0008	CTTYTPPAWTGER	TRBV12-3	TRBJ2-1	beta_only	3	subj_01
noise_0009	CVNKDPARFKHI	TRBV13	TRBJ2-7	beta_only	5	subj_01
noise_0010	CESACKKPKF	TRBV24-1	TRBJ1-2	beta_only	3	subj_04
noise_0011	CGQLQAINAHF	TRBV6-1	TRBJ1-5	beta_only	3	subj_03
noise_0012	CAREIRMTTCV	TRBV3-1	TRBJ2-2	beta_only	1	subj_04
noise_0013	CVNNRKDAHTP	TRBV14	TRBJ1-2	beta_only	4	subj_01
noise_0014	CKKCVRFSCPMES	TRBV14	TRBJ1-3	beta_only	2	subj_01
noise_0015	CGEESCYPLNNQ	TRBV27	TRBJ2-7	beta_only	3	subj_03
noise_0016	CKLPSNICLAIG	TRBV29-1	TRBJ1-2	beta_only	5	subj_05
noise_0017	CINYRAWNEPMYLTTYCP	TRBV3-1	TRBJ1-4	beta_only	4	subj_04
noise_0018	CMEIGKHNSPCCQGRQWV	TRBV13	TRBJ1-2	beta_only	5	subj_02
noise_0019	CHQQDRCNPHDRWYW	TRBV4-1	TRBJ2-2	beta_only	5	subj_03
noise_0020	CIEFWLFDCT	TRBV5-1	TRBJ2-5	beta_only	5	subj_05
noise_0021	CQVPNEEQPW	TRBV19	TRBJ1-1	beta_only	4	subj_03
noise_0022	CYPSSFFYSWEQN	TRBV19	TRBJ2-3	beta_only	3	subj_04
noise_0023	CMYTTDGPVNDTVGSGWD	TRBV18	TRBJ1-2	beta_only	2	subj_04
noise_0024	CWKIIICFHCRHDAW	TRBV20-1	TRBJ1-3	beta_only	4	subj_04
noise_0025	CWAFDWPKSF	TRBV5-1	TRBJ1-1	beta_only	2	subj_04
noise_0026	CCTLMPNRGAINEQMIY	TRBV25-1	TRBJ2-5	beta_only	5	subj_05
noise_0027	CILPYGASHR	TRBV29-1	TRBJ1-2	beta_only	5	subj_03
noise_0028	CAMTESLQPTCS	TRBV19	TRBJ1-1	beta_only	3	subj_02
noise_0029	CSVHHITLAP	TRBV12-3	TRBJ2-1	beta_only	1	subj_03
